Workbook
Name cum_wt: Bootstrap!$L$8:$L$218
Name histrets: Bootstrap!$C$9:$H$218
Name lambda: Bootstrap!$K$2
Name numobs: Bootstrap!$K$4
Name obs_nums: Bootstrap!$J$9:$J$218
Name sumweights: Bootstrap!$K$5

Sheet Bootstrap
J2: monthly decay factor | K2: 0.97
J3: half-life, months | K3: =IF(lambda=1,"",LN(0.5)/LN(lambda)) -> 22.756573 | L3: (add 1 for no. of observations)
B4: Note that the most recent observation occurs first | J4: no. of observations | K4: =MAX(J:J) -> 210
J5: sum of weights | K5: =INDEX(L9:L1402,numobs) -> 33.27775
C7: Monthly Returns | K7: wt | L7: cum wt | O7: =U(0,1) * sum_of_weights | AB7: look-up number
B8: Date | C8: CASH | D8: GOV 1-3 | E8: GOVT | F8: AGG | G8: EQ | H8: HFOF | J8: 0 | L8: =K8 -> 0 | O8: 1 | P8: 2 | Q8: 3 | R8: 4 | S8: 5 | T8: 6 | U8: 7 | V8: 8 | W8: 9 | X8: 10 | Y8: 11 | Z8: 12 | AB8: 1 | AC8: 2 | AD8: 3 | AE8: 4 | AF8: 5 | AG8: 6 | AH8: 7 | AI8: 8 | AJ8: 9 | AK8: 10 | AL8: 11 | AM8: 12
B9: 46295 | C9: 0.00028111111 | D9: -0.001491014 | E9: -0.0022748847 | F9: 0.0056876799 | G9: 0.0019839983 | H9: 0.0045 | J9: 1 | K9: 1 | L9: =L8+K9 -> 1 | N9: 1 | O9: =RAND()*sumweights -> 26.404117 | P9: =RAND()*sumweights -> 22.931301 | Q9: =RAND()*sumweights -> 21.236965 | R9: =RAND()*sumweights -> 12.014403 | S9: =RAND()*sumweights -> 21.141045 | T9: =RAND()*sumweights -> 1.7095119 | U9: =RAND()*sumweights -> 0.52904117 | V9: =RAND()*sumweights -> 23.214385 | ... Z9: =RAND()*sumweights -> 19.86074 | AA9: 1 | AB9: =MATCH(O9,cum_wt,1) -> 52 | AC9: =MATCH(P9,cum_wt,1) -> 39 | AD9: =MATCH(Q9,cum_wt,1) -> 34 | AE9: =MATCH(R9,cum_wt,1) -> 15 | AF9: =MATCH(S9,cum_wt,1) -> 34 | AG9: =MATCH(T9,cum_wt,1) -> 2 | AH9: =MATCH(U9,cum_wt,1) -> 1 | AI9: =MATCH(V9,cum_wt,1) -> 40 | ... AM9: =MATCH(Z9,cum_wt,1) -> 30
B10: 46265 | C10: 0.00033128472 | D10: 0.0014132076 | E10: -0.010735009 | F10: 0.0072534609 | G10: 0.055933147 | H10: 0.0338 | J10: 2 | K10: =K9*lambda -> 0.97 | L10: =L9+K10 -> 1.97 | N10: 2 | O10: =RAND()*sumweights -> 16.849189 | P10: =RAND()*sumweights -> 2.8227096 | Q10: =RAND()*sumweights -> 13.789825 | R10: =RAND()*sumweights -> 20.674342 | S10: =RAND()*sumweights -> 1.0692069 | T10: =RAND()*sumweights -> 30.702453 | U10: =RAND()*sumweights -> 5.0016993 | V10: =RAND()*sumweights -> 15.911371 | ... Z10: =RAND()*sumweights -> 5.4811276 | AA10: 2 | AB10: =MATCH(O10,cum_wt,1) -> 24 | AC10: =MATCH(P10,cum_wt,1) -> 3 | AD10: =MATCH(Q10,cum_wt,1) -> 18 | AE10: =MATCH(R10,cum_wt,1) -> 32 | AF10: =MATCH(S10,cum_wt,1) -> 2 | AG10: =MATCH(T10,cum_wt,1) -> 84 | AH10: =MATCH(U10,cum_wt,1) -> 6 | AI10: =MATCH(V10,cum_wt,1) -> 22 | ... AM10: =MATCH(Z10,cum_wt,1) -> 6
B11: 46234 | C11: 0.00041719167 | D11: -0.0013734648 | E11: -0.019871079 | F11: 0.0047809093 | G11: 0.095709359 | H11: 0.011 | J11: 3 | K11: =K10*lambda -> 0.9409 | L11: =L10+K11 -> 2.9109 | N11: 3 | O11: =RAND()*sumweights -> 13.891346 | P11: =RAND()*sumweights -> 17.384135 | Q11: =RAND()*sumweights -> 0.51539037 | R11: =RAND()*sumweights -> 6.7924163 | S11: =RAND()*sumweights -> 9.2309134 | T11: =RAND()*sumweights -> 21.286193 | U11: =RAND()*sumweights -> 32.789506 | V11: =RAND()*sumweights -> 17.933377 | ... Z11: =RAND()*sumweights -> 9.4402951 | AA11: 3 | AB11: =MATCH(O11,cum_wt,1) -> 18 | AC11: =MATCH(P11,cum_wt,1) -> 25 | AD11: =MATCH(Q11,cum_wt,1) -> 1 | AE11: =MATCH(R11,cum_wt,1) -> 8 | AF11: =MATCH(S11,cum_wt,1) -> 11 | AG11: =MATCH(T11,cum_wt,1) -> 34 | AH11: =MATCH(U11,cum_wt,1) -> 136 | AI11: =MATCH(V11,cum_wt,1) -> 26 | ... AM11: =MATCH(Z11,cum_wt,1) -> 11
B12: 46203 | C12: 0.00044111111 | D12: 0.0047943009 | E12: 0.022500925 | F12: 0.013901367 | G12: 0.087595471 | H12: 0.0002 | J12: 4 | K12: =K11*lambda -> 0.912673 | L12: =L11+K12 -> 3.823573 | N12: 4 | O12: =RAND()*sumweights -> 20.74787 | P12: =RAND()*sumweights -> 0.56024377 | Q12: =RAND()*sumweights -> 4.4304833 | R12: =RAND()*sumweights -> 9.6156839 | S12: =RAND()*sumweights -> 1.2616706 | T12: =RAND()*sumweights -> 0.6846518 | U12: =RAND()*sumweights -> 13.826033 | V12: =RAND()*sumweights -> 21.585615 | ... Z12: =RAND()*sumweights -> 30.384428 | AA12: 4 | AB12: =MATCH(O12,cum_wt,1) -> 32 | AC12: =MATCH(P12,cum_wt,1) -> 1 | AD12: =MATCH(Q12,cum_wt,1) -> 5 | AE12: =MATCH(R12,cum_wt,1) -> 12 | AF12: =MATCH(S12,cum_wt,1) -> 2 | AG12: =MATCH(T12,cum_wt,1) -> 1 | AH12: =MATCH(U12,cum_wt,1) -> 18 | AI12: =MATCH(V12,cum_wt,1) -> 35 | ... AM12: =MATCH(Z12,cum_wt,1) -> 80
B13: 46173 | C13: 0.00032618444 | D13: -0.00038390307 | E13: -0.0040812568 | F13: -0.0037744489 | G13: -0.10647797 | H13: -0.0037 | J13: 5 | K13: =K12*lambda -> 0.88529281 | L13: =L12+K13 -> 4.7088658 | N13: 5 | O13: =RAND()*sumweights -> 25.20954 | P13: =RAND()*sumweights -> 17.291831 | Q13: =RAND()*sumweights -> 29.889144 | R13: =RAND()*sumweights -> 6.1254732 | S13: =RAND()*sumweights -> 20.489504 | T13: =RAND()*sumweights -> 30.632993 | U13: =RAND()*sumweights -> 22.729285 | V13: =RAND()*sumweights -> 27.484572 | ... Z13: =RAND()*sumweights -> 10.515366 | AA13: 5 | AB13: =MATCH(O13,cum_wt,1) -> 47 | AC13: =MATCH(P13,cum_wt,1) -> 25 | AD13: =MATCH(Q13,cum_wt,1) -> 75 | AE13: =MATCH(R13,cum_wt,1) -> 7 | AF13: =MATCH(S13,cum_wt,1) -> 32 | AG13: =MATCH(T13,cum_wt,1) -> 83 | AH13: =MATCH(U13,cum_wt,1) -> 38 | AI13: =MATCH(V13,cum_wt,1) -> 58 | ... AM13: =MATCH(Z13,cum_wt,1) -> 13
B14: 46142 | C14: 0.00036354167 | D14: -0.0033678103 | E14: -0.03181507 | F14: -0.0088233271 | G14: -0.08428632 | H14: 0.0071 | J14: 6 | K14: =K13*lambda -> 0.85873403 | L14: =L13+K14 -> 5.5675998 | N14: 6 | O14: =RAND()*sumweights -> 14.704831 | P14: =RAND()*sumweights -> 21.400105 | Q14: =RAND()*sumweights -> 13.932175 | R14: =RAND()*sumweights -> 1.4282138 | S14: =RAND()*sumweights -> 8.6418571 | T14: =RAND()*sumweights -> 29.305077 | U14: =RAND()*sumweights -> 4.582704 | V14: =RAND()*sumweights -> 19.090702 | ... Z14: =RAND()*sumweights -> 20.900286 | AA14: 6 | AB14: =MATCH(O14,cum_wt,1) -> 20 | AC14: =MATCH(P14,cum_wt,1) -> 34 | AD14: =MATCH(Q14,cum_wt,1) -> 18 | AE14: =MATCH(R14,cum_wt,1) -> 2 | AF14: =MATCH(S14,cum_wt,1) -> 10 | AG14: =MATCH(T14,cum_wt,1) -> 70 | AH14: =MATCH(U14,cum_wt,1) -> 5 | AI14: =MATCH(V14,cum_wt,1) -> 28 | ... AM14: =MATCH(Z14,cum_wt,1) -> 33
B15: 46112 | C15: 0.0017428125 | D15: 0.0054618936 | E15: 0.035134556 | F15: 0.037309174 | G15: 0.010640066 | H15: -0.0149 | J15: 7 | K15: =K14*lambda -> 0.832972 | L15: =L14+K15 -> 6.4005718 | N15: 7 | O15: =RAND()*sumweights -> 30.674949 | P15: =RAND()*sumweights -> 27.066564 | Q15: =RAND()*sumweights -> 13.562759 | R15: =RAND()*sumweights -> 10.402331 | S15: =RAND()*sumweights -> 0.35409015 | T15: =RAND()*sumweights -> 20.373252 | U15: =RAND()*sumweights -> 31.317295 | V15: =RAND()*sumweights -> 6.3623931 | ... Z15: =RAND()*sumweights -> 30.757726 | AA15: 7 | AB15: =MATCH(O15,cum_wt,1) -> 84 | AC15: =MATCH(P15,cum_wt,1) -> 55 | AD15: =MATCH(Q15,cum_wt,1) -> 18 | AE15: =MATCH(R15,cum_wt,1) -> 13 | AF15: =MATCH(S15,cum_wt,1) -> 1 | AG15: =MATCH(T15,cum_wt,1) -> 32 | AH15: =MATCH(U15,cum_wt,1) -> 93 | AI15: =MATCH(V15,cum_wt,1) -> 7 | ... AM15: =MATCH(Z15,cum_wt,1) -> 85
B16: 46081 | C16: 0.0020076389 | D16: 0.01180124 | E16: 0.055288704 | F16: 0.032549849 | G16: -0.071754904 | H16: -0.0264 | J16: 8 | K16: =K15*lambda -> 0.80798284 | L16: =L15+K16 -> 7.2085547 | N16: 8 | O16: =RAND()*sumweights -> 13.945743 | P16: =RAND()*sumweights -> 20.130832 | Q16: =RAND()*sumweights -> 13.059168 | R16: =RAND()*sumweights -> 11.562647 | S16: =RAND()*sumweights -> 28.90115 | T16: =RAND()*sumweights -> 29.138919 | U16: =RAND()*sumweights -> 5.8824902 | V16: =RAND()*sumweights -> 15.417051 | ... Z16: =RAND()*sumweights -> 6.3268189 | AA16: 8 | AB16: =MATCH(O16,cum_wt,1) -> 18 | AC16: =MATCH(P16,cum_wt,1) -> 31 | AD16: =MATCH(Q16,cum_wt,1) -> 17 | AE16: =MATCH(R16,cum_wt,1) -> 14 | AF16: =MATCH(S16,cum_wt,1) -> 67 | AG16: =MATCH(T16,cum_wt,1) -> 69 | AH16: =MATCH(U16,cum_wt,1) -> 7 | AI16: =MATCH(V16,cum_wt,1) -> 21 | ... AM16: =MATCH(Z16,cum_wt,1) -> 7
B17: 46053 | C17: 0.0033809375 | D17: 0.0094124149 | E17: -0.0010874777 | F17: -0.023604209 | G17: -0.16794758 | H17: -0.0622 | J17: 9 | K17: =K16*lambda -> 0.78374336 | L17: =L16+K17 -> 7.992298 | N17: 9 | O17: =RAND()*sumweights -> 25.246941 | P17: =RAND()*sumweights -> 10.430951 | Q17: =RAND()*sumweights -> 17.870906 | R17: =RAND()*sumweights -> 31.598215 | S17: =RAND()*sumweights -> 29.738429 | T17: =RAND()*sumweights -> 25.169285 | U17: =RAND()*sumweights -> 18.797489 | V17: =RAND()*sumweights -> 0.8577987 | ... Z17: =RAND()*sumweights -> 26.735834 | AA17: 9 | AB17: =MATCH(O17,cum_wt,1) -> 47 | AC17: =MATCH(P17,cum_wt,1) -> 13 | AD17: =MATCH(Q17,cum_wt,1) -> 26 | AE17: =MATCH(R17,cum_wt,1) -> 98 | AF17: =MATCH(S17,cum_wt,1) -> 74 | AG17: =MATCH(T17,cum_wt,1) -> 47 | AH17: =MATCH(U17,cum_wt,1) -> 28 | AI17: =MATCH(V17,cum_wt,1) -> 1 | ... AM17: =MATCH(Z17,cum_wt,1) -> 54
B18: 46022 | C18: 0.0022094489 | D18: 0.0088730333 | E18: 0.0070290715 | F18: -0.013431629 | G18: -0.089107486 | H18: -0.0654 | J18: 10 | K18: =K17*lambda -> 0.76023106 | L18: =L17+K18 -> 8.7525291 | N18: 10 | O18: =RAND()*sumweights -> 24.39366 | P18: =RAND()*sumweights -> 8.6779052 | Q18: =RAND()*sumweights -> 24.606817 | R18: =RAND()*sumweights -> 3.3911074 | S18: =RAND()*sumweights -> 18.043742 | T18: =RAND()*sumweights -> 7.9923945 | U18: =RAND()*sumweights -> 33.253649 | V18: =RAND()*sumweights -> 7.1698862 | ... Z18: =RAND()*sumweights -> 3.5085558 | AA18: 10 | AB18: =MATCH(O18,cum_wt,1) -> 44 | AC18: =MATCH(P18,cum_wt,1) -> 10 | AD18: =MATCH(Q18,cum_wt,1) -> 44 | AE18: =MATCH(R18,cum_wt,1) -> 4 | AF18: =MATCH(S18,cum_wt,1) -> 26 | AG18: =MATCH(T18,cum_wt,1) -> 10 | AH18: =MATCH(U18,cum_wt,1) -> 199 | AI18: =MATCH(V18,cum_wt,1) -> 8 | ... AM18: =MATCH(Z18,cum_wt,1) -> 4
B19: 45991 | C19: 0.0019826736 | D19: 0.0049025616 | E19: 0.011433849 | F19: 0.0094906562 | G19: 0.014464896 | H19: -0.0153 | J19: 11 | K19: =K18*lambda -> 0.73742413 | L19: =L18+K19 -> 9.4899532 | N19: 11 | O19: =RAND()*sumweights -> 25.796936 | P19: =RAND()*sumweights -> 13.269688 | Q19: =RAND()*sumweights -> 15.167725 | R19: =RAND()*sumweights -> 22.297173 | S19: =RAND()*sumweights -> 16.302636 | T19: =RAND()*sumweights -> 8.7284063 | U19: =RAND()*sumweights -> 6.2244488 | V19: =RAND()*sumweights -> 12.52499 | ... Z19: =RAND()*sumweights -> 16.217363 | AA19: 11 | AB19: =MATCH(O19,cum_wt,1) -> 49 | AC19: =MATCH(P19,cum_wt,1) -> 17 | AD19: =MATCH(Q19,cum_wt,1) -> 20 | AE19: =MATCH(R19,cum_wt,1) -> 37 | AF19: =MATCH(S19,cum_wt,1) -> 23 | AG19: =MATCH(T19,cum_wt,1) -> 10 | AH19: =MATCH(U19,cum_wt,1) -> 7 | AI19: =MATCH(V19,cum_wt,1) -> 16 | ... AM19: =MATCH(Z19,cum_wt,1) -> 22
B20: 45961 | C20: 0.0021204861 | D20: 0.0042464152 | E20: 0.0050147241 | F20: -0.00081588835 | G20: -0.0084062239 | H20: -0.0266 | J20: 12 | K20: =K19*lambda -> 0.7153014 | L20: =L19+K20 -> 10.205255 | N20: 12 | O20: =RAND()*sumweights -> 30.992371 | P20: =RAND()*sumweights -> 21.294422 | Q20: =RAND()*sumweights -> 25.631396 | R20: =RAND()*sumweights -> 24.338358 | S20: =RAND()*sumweights -> 8.370907 | T20: =RAND()*sumweights -> 29.88037 | U20: =RAND()*sumweights -> 3.0072314 | V20: =RAND()*sumweights -> 0.68167494 | ... Z20: =RAND()*sumweights -> 0.51314588 | AA20: 12 | AB20: =MATCH(O20,cum_wt,1) -> 88 | AC20: =MATCH(P20,cum_wt,1) -> 34 | AD20: =MATCH(Q20,cum_wt,1) -> 49 | AE20: =MATCH(R20,cum_wt,1) -> 44 | AF20: =MATCH(S20,cum_wt,1) -> 10 | AG20: =MATCH(T20,cum_wt,1) -> 75 | AH20: =MATCH(U20,cum_wt,1) -> 4 | AI20: =MATCH(V20,cum_wt,1) -> 1 | ... AM20: =MATCH(Z20,cum_wt,1) -> 1
B21: 45930 | C21: 0.0021161806 | D21: 0.0033033867 | E21: 0.0095725047 | F21: -0.00080807792 | G21: -0.084303847 | H21: -0.0085 | J21: 13 | K21: =K20*lambda -> 0.69384236 | L21: =L20+K21 -> 10.899097 | N21: 13 | O21: =RAND()*sumweights -> 9.8174068 | P21: =RAND()*sumweights -> 8.7203892 | Q21: =RAND()*sumweights -> 10.374437 | R21: =RAND()*sumweights -> 19.935676 | S21: =RAND()*sumweights -> 7.7881537 | T21: =RAND()*sumweights -> 18.152884 | U21: =RAND()*sumweights -> 3.5825968 | V21: =RAND()*sumweights -> 20.683261 | ... Z21: =RAND()*sumweights -> 23.170473 | AA21: 13 | AB21: =MATCH(O21,cum_wt,1) -> 12 | AC21: =MATCH(P21,cum_wt,1) -> 10 | AD21: =MATCH(Q21,cum_wt,1) -> 13 | AE21: =MATCH(R21,cum_wt,1) -> 30 | AF21: =MATCH(S21,cum_wt,1) -> 9 | AG21: =MATCH(T21,cum_wt,1) -> 26 | AH21: =MATCH(U21,cum_wt,1) -> 4 | AI21: =MATCH(V21,cum_wt,1) -> 32 | ... AM21: =MATCH(Z21,cum_wt,1) -> 39
... B218: 39933 | C218: 0.0040364583 | D218: -0.00238 | E218: -0.0171 | F218: -0.013604223 | G218: -0.018635081 | H218: 0.0132 | J218: 210 | K218: =K217*lambda -> 0.0017190656 | L218: =L217+K218 -> 33.27775 | N218: 210 | O218: =RAND()*sumweights -> 20.816344 | P218: =RAND()*sumweights -> 28.796128 | Q218: =RAND()*sumweights -> 32.785938 | R218: =RAND()*sumweights -> 19.906411 | S218: =RAND()*sumweights -> 29.359378 | T218: =RAND()*sumweights -> 20.559302 | U218: =RAND()*sumweights -> 12.13038 | V218: =RAND()*sumweights -> 8.5159489 | ... Z218: =RAND()*sumweights -> 9.6951671 | AA218: 210 | AB218: =MATCH(O218,cum_wt,1) -> 33 | AC218: =MATCH(P218,cum_wt,1) -> 66 | AD218: =MATCH(Q218,cum_wt,1) -> 135 | AE218: =MATCH(R218,cum_wt,1) -> 30 | AF218: =MATCH(S218,cum_wt,1) -> 70 | AG218: =MATCH(T218,cum_wt,1) -> 32 | AH218: =MATCH(U218,cum_wt,1) -> 15 | AI218: =MATCH(V218,cum_wt,1) -> 10 | ... AM218: =MATCH(Z218,cum_wt,1) -> 12
N219: 211 | O219: =RAND()*sumweights -> 0.67879566 | P219: =RAND()*sumweights -> 19.665626 | Q219: =RAND()*sumweights -> 33.216127 | R219: =RAND()*sumweights -> 17.080175 | S219: =RAND()*sumweights -> 25.651706 | T219: =RAND()*sumweights -> 2.7050884 | U219: =RAND()*sumweights -> 31.564615 | V219: =RAND()*sumweights -> 24.74855 | ... Z219: =RAND()*sumweights -> 8.296164 | AA219: 211 | AB219: =MATCH(O219,cum_wt,1) -> 1 | AC219: =MATCH(P219,cum_wt,1) -> 30 | AD219: =MATCH(Q219,cum_wt,1) -> 186 | AE219: =MATCH(R219,cum_wt,1) -> 24 | AF219: =MATCH(S219,cum_wt,1) -> 49 | AG219: =MATCH(T219,cum_wt,1) -> 3 | AH219: =MATCH(U219,cum_wt,1) -> 97 | AI219: =MATCH(V219,cum_wt,1) -> 45 | ... AM219: =MATCH(Z219,cum_wt,1) -> 10
N220: 212 | O220: =RAND()*sumweights -> 21.237948 | P220: =RAND()*sumweights -> 23.042428 | Q220: =RAND()*sumweights -> 14.727392 | R220: =RAND()*sumweights -> 7.3004075 | S220: =RAND()*sumweights -> 19.372704 | T220: =RAND()*sumweights -> 13.535781 | U220: =RAND()*sumweights -> 16.609933 | V220: =RAND()*sumweights -> 16.664314 | ... Z220: =RAND()*sumweights -> 26.828226 | AA220: 212 | AB220: =MATCH(O220,cum_wt,1) -> 34 | AC220: =MATCH(P220,cum_wt,1) -> 39 | AD220: =MATCH(Q220,cum_wt,1) -> 20 | AE220: =MATCH(R220,cum_wt,1) -> 9 | AF220: =MATCH(S220,cum_wt,1) -> 29 | AG220: =MATCH(T220,cum_wt,1) -> 18 | AH220: =MATCH(U220,cum_wt,1) -> 23 | AI220: =MATCH(V220,cum_wt,1) -> 23 | ... AM220: =MATCH(Z220,cum_wt,1) -> 54
N221: 213 | O221: =RAND()*sumweights -> 2.0076148 | P221: =RAND()*sumweights -> 18.982545 | Q221: =RAND()*sumweights -> 25.476785 | R221: =RAND()*sumweights -> 4.5609903 | S221: =RAND()*sumweights -> 18.662716 | T221: =RAND()*sumweights -> 0.013678617 | U221: =RAND()*sumweights -> 1.7549298 | V221: =RAND()*sumweights -> 20.198581 | ... Z221: =RAND()*sumweights -> 4.7718832 | AA221: 213 | AB221: =MATCH(O221,cum_wt,1) -> 3 | AC221: =MATCH(P221,cum_wt,1) -> 28 | AD221: =MATCH(Q221,cum_wt,1) -> 48 | AE221: =MATCH(R221,cum_wt,1) -> 5 | AF221: =MATCH(S221,cum_wt,1) -> 27 | AG221: =MATCH(T221,cum_wt,1) -> 1 | AH221: =MATCH(U221,cum_wt,1) -> 2 | AI221: =MATCH(V221,cum_wt,1) -> 31 | ... AM221: =MATCH(Z221,cum_wt,1) -> 6
N222: 214 | O222: =RAND()*sumweights -> 10.559775 | P222: =RAND()*sumweights -> 28.656203 | Q222: =RAND()*sumweights -> 30.807477 | R222: =RAND()*sumweights -> 25.970302 | S222: =RAND()*sumweights -> 8.622604 | T222: =RAND()*sumweights -> 18.488633 | U222: =RAND()*sumweights -> 28.664768 | V222: =RAND()*sumweights -> 21.074043 | ... Z222: =RAND()*sumweights -> 19.025703 | AA222: 214 | AB222: =MATCH(O222,cum_wt,1) -> 13 | AC222: =MATCH(P222,cum_wt,1) -> 65 | AD222: =MATCH(Q222,cum_wt,1) -> 85 | AE222: =MATCH(R222,cum_wt,1) -> 50 | AF222: =MATCH(S222,cum_wt,1) -> 10 | AG222: =MATCH(T222,cum_wt,1) -> 27 | AH222: =MATCH(U222,cum_wt,1) -> 65 | AI222: =MATCH(V222,cum_wt,1) -> 33 | ... AM222: =MATCH(Z222,cum_wt,1) -> 28
N223: 215 | O223: =RAND()*sumweights -> 12.057136 | P223: =RAND()*sumweights -> 16.119114 | Q223: =RAND()*sumweights -> 7.9307615 | R223: =RAND()*sumweights -> 24.809097 | S223: =RAND()*sumweights -> 11.016019 | T223: =RAND()*sumweights -> 14.344268 | U223: =RAND()*sumweights -> 11.264804 | V223: =RAND()*sumweights -> 9.6859555 | ... Z223: =RAND()*sumweights -> 13.561595 | AA223: 215 | AB223: =MATCH(O223,cum_wt,1) -> 15 | AC223: =MATCH(P223,cum_wt,1) -> 22 | AD223: =MATCH(Q223,cum_wt,1) -> 9 | AE223: =MATCH(R223,cum_wt,1) -> 45 | AF223: =MATCH(S223,cum_wt,1) -> 14 | AG223: =MATCH(T223,cum_wt,1) -> 19 | AH223: =MATCH(U223,cum_wt,1) -> 14 | AI223: =MATCH(V223,cum_wt,1) -> 12 | ... AM223: =MATCH(Z223,cum_wt,1) -> 18
N224: 216 | O224: =RAND()*sumweights -> 2.064685 | P224: =RAND()*sumweights -> 13.600836 | Q224: =RAND()*sumweights -> 27.288602 | R224: =RAND()*sumweights -> 10.969044 | S224: =RAND()*sumweights -> 22.65948 | T224: =RAND()*sumweights -> 32.169296 | U224: =RAND()*sumweights -> 31.599145 | V224: =RAND()*sumweights -> 28.58157 | ... Z224: =RAND()*sumweights -> 21.609077 | AA224: 216 | AB224: =MATCH(O224,cum_wt,1) -> 3 | AC224: =MATCH(P224,cum_wt,1) -> 18 | AD224: =MATCH(Q224,cum_wt,1) -> 57 | AE224: =MATCH(R224,cum_wt,1) -> 14 | AF224: =MATCH(S224,cum_wt,1) -> 38 | AG224: =MATCH(T224,cum_wt,1) -> 111 | AH224: =MATCH(U224,cum_wt,1) -> 98 | AI224: =MATCH(V224,cum_wt,1) -> 64 | ... AM224: =MATCH(Z224,cum_wt,1) -> 35
N225: 217 | O225: =RAND()*sumweights -> 0.55547335 | P225: =RAND()*sumweights -> 2.361958 | Q225: =RAND()*sumweights -> 14.471716 | R225: =RAND()*sumweights -> 24.545302 | S225: =RAND()*sumweights -> 5.3619351 | T225: =RAND()*sumweights -> 21.831099 | U225: =RAND()*sumweights -> 11.925494 | V225: =RAND()*sumweights -> 7.4680295 | ... Z225: =RAND()*sumweights -> 5.690974 | AA225: 217 | AB225: =MATCH(O225,cum_wt,1) -> 1 | AC225: =MATCH(P225,cum_wt,1) -> 3 | AD225: =MATCH(Q225,cum_wt,1) -> 19 | AE225: =MATCH(R225,cum_wt,1) -> 44 | AF225: =MATCH(S225,cum_wt,1) -> 6 | AG225: =MATCH(T225,cum_wt,1) -> 35 | AH225: =MATCH(U225,cum_wt,1) -> 15 | AI225: =MATCH(V225,cum_wt,1) -> 9 | ... AM225: =MATCH(Z225,cum_wt,1) -> 7
N226: 218 | O226: =RAND()*sumweights -> 10.134865 | P226: =RAND()*sumweights -> 25.858152 | Q226: =RAND()*sumweights -> 1.5046674 | R226: =RAND()*sumweights -> 30.303941 | S226: =RAND()*sumweights -> 25.490909 | T226: =RAND()*sumweights -> 29.237765 | U226: =RAND()*sumweights -> 19.299613 | V226: =RAND()*sumweights -> 1.6656789 | ... Z226: =RAND()*sumweights -> 28.596151 | AA226: 218 | AB226: =MATCH(O226,cum_wt,1) -> 12 | AC226: =MATCH(P226,cum_wt,1) -> 50 | AD226: =MATCH(Q226,cum_wt,1) -> 2 | AE226: =MATCH(R226,cum_wt,1) -> 79 | AF226: =MATCH(S226,cum_wt,1) -> 48 | AG226: =MATCH(T226,cum_wt,1) -> 69 | AH226: =MATCH(U226,cum_wt,1) -> 29 | AI226: =MATCH(V226,cum_wt,1) -> 2 | ... AM226: =MATCH(Z226,cum_wt,1) -> 65
N227: 219 | O227: =RAND()*sumweights -> 1.9409912 | P227: =RAND()*sumweights -> 8.5543708 | Q227: =RAND()*sumweights -> 1.6689635 | R227: =RAND()*sumweights -> 1.4112633 | S227: =RAND()*sumweights -> 13.73924 | T227: =RAND()*sumweights -> 23.367733 | U227: =RAND()*sumweights -> 23.64792 | V227: =RAND()*sumweights -> 24.802365 | ... Z227: =RAND()*sumweights -> 31.440518 | AA227: 219 | AB227: =MATCH(O227,cum_wt,1) -> 2 | AC227: =MATCH(P227,cum_wt,1) -> 10 | AD227: =MATCH(Q227,cum_wt,1) -> 2 | AE227: =MATCH(R227,cum_wt,1) -> 2 | AF227: =MATCH(S227,cum_wt,1) -> 18 | AG227: =MATCH(T227,cum_wt,1) -> 40 | AH227: =MATCH(U227,cum_wt,1) -> 41 | AI227: =MATCH(V227,cum_wt,1) -> 45 | ... AM227: =MATCH(Z227,cum_wt,1) -> 95
N228: 220 | O228: =RAND()*sumweights -> 16.400462 | P228: =RAND()*sumweights -> 15.868974 | Q228: =RAND()*sumweights -> 14.864802 | R228: =RAND()*sumweights -> 25.531843 | S228: =RAND()*sumweights -> 25.125668 | T228: =RAND()*sumweights -> 30.743599 | U228: =RAND()*sumweights -> 8.4416742 | V228: =RAND()*sumweights -> 14.823035 | ... Z228: =RAND()*sumweights -> 23.820149 | AA228: 220 | AB228: =MATCH(O228,cum_wt,1) -> 23 | AC228: =MATCH(P228,cum_wt,1) -> 22 | AD228: =MATCH(Q228,cum_wt,1) -> 20 | AE228: =MATCH(R228,cum_wt,1) -> 48 | AF228: =MATCH(S228,cum_wt,1) -> 47 | AG228: =MATCH(T228,cum_wt,1) -> 84 | AH228: =MATCH(U228,cum_wt,1) -> 10 | AI228: =MATCH(V228,cum_wt,1) -> 20 | ... AM228: =MATCH(Z228,cum_wt,1) -> 42
N229: 221 | O229: =RAND()*sumweights -> 9.170224 | P229: =RAND()*sumweights -> 20.626312 | Q229: =RAND()*sumweights -> 12.298196 | R229: =RAND()*sumweights -> 2.587408 | S229: =RAND()*sumweights -> 31.102697 | T229: =RAND()*sumweights -> 25.964191 | U229: =RAND()*sumweights -> 10.849934 | V229: =RAND()*sumweights -> 33.112172 | ... Z229: =RAND()*sumweights -> 16.939744 | AA229: 221 | AB229: =MATCH(O229,cum_wt,1) -> 11 | AC229: =MATCH(P229,cum_wt,1) -> 32 | AD229: =MATCH(Q229,cum_wt,1) -> 16 | AE229: =MATCH(R229,cum_wt,1) -> 3 | AF229: =MATCH(S229,cum_wt,1) -> 89 | AG229: =MATCH(T229,cum_wt,1) -> 50 | AH229: =MATCH(U229,cum_wt,1) -> 13 | AI229: =MATCH(V229,cum_wt,1) -> 165 | ... AM229: =MATCH(Z229,cum_wt,1) -> 24
N230: 222 | O230: =RAND()*sumweights -> 10.589254 | P230: =RAND()*sumweights -> 29.222616 | Q230: =RAND()*sumweights -> 30.250242 | R230: =RAND()*sumweights -> 26.51141 | S230: =RAND()*sumweights -> 1.992719 | T230: =RAND()*sumweights -> 24.647003 | U230: =RAND()*sumweights -> 0.92407162 | V230: =RAND()*sumweights -> 21.311939 | ... Z230: =RAND()*sumweights -> 1.6671073 | AA230: 222 | AB230: =MATCH(O230,cum_wt,1) -> 13 | AC230: =MATCH(P230,cum_wt,1) -> 69 | AD230: =MATCH(Q230,cum_wt,1) -> 79 | AE230: =MATCH(R230,cum_wt,1) -> 53 | AF230: =MATCH(S230,cum_wt,1) -> 3 | AG230: =MATCH(T230,cum_wt,1) -> 45 | AH230: =MATCH(U230,cum_wt,1) -> 1 | AI230: =MATCH(V230,cum_wt,1) -> 34 | ... AM230: =MATCH(Z230,cum_wt,1) -> 2
... N1008: 1000 | O1008: =RAND()*sumweights -> 12.17077 | P1008: =RAND()*sumweights -> 21.170923 | Q1008: =RAND()*sumweights -> 18.729396 | R1008: =RAND()*sumweights -> 21.899134 | S1008: =RAND()*sumweights -> 9.0317173 | T1008: =RAND()*sumweights -> 7.6150005 | U1008: =RAND()*sumweights -> 32.344861 | V1008: =RAND()*sumweights -> 15.998344 | ... Z1008: =RAND()*sumweights -> 19.678943 | AA1008: 1000 | AB1008: =MATCH(O1008,cum_wt,1) -> 15 | AC1008: =MATCH(P1008,cum_wt,1) -> 34 | AD1008: =MATCH(Q1008,cum_wt,1) -> 28 | AE1008: =MATCH(R1008,cum_wt,1) -> 36 | AF1008: =MATCH(S1008,cum_wt,1) -> 11 | AG1008: =MATCH(T1008,cum_wt,1) -> 9 | AH1008: =MATCH(U1008,cum_wt,1) -> 116 | AI1008: =MATCH(V1008,cum_wt,1) -> 22 | ... AM1008: =MATCH(Z1008,cum_wt,1) -> 30

Sheet freq chart
B3: From | C3: To | D3: Freq
B4: 1 | C4: 10 | D4: {=SUMPRODUCT(IF(Bootstrap!$AB$9:$AM$1008>='freq chart'!B4,1,0),IF(Bootstrap!$AB$9:$AM$1008<='freq chart'!C4,1,0))} -> 3177
B5: =C4+1 -> 11 | C5: =C4+10 -> 20 | D5: {=SUMPRODUCT(IF(Bootstrap!$AB$9:$AM$1008>='freq chart'!B5,1,0),IF(Bootstrap!$AB$9:$AM$1008<='freq chart'!C5,1,0))} -> 2393
B6: =C5+1 -> 21 | C6: =C5+10 -> 30 | D6: {=SUMPRODUCT(IF(Bootstrap!$AB$9:$AM$1008>='freq chart'!B6,1,0),IF(Bootstrap!$AB$9:$AM$1008<='freq chart'!C6,1,0))} -> 1710
B7: =C6+1 -> 31 | C7: =C6+10 -> 40 | D7: {=SUMPRODUCT(IF(Bootstrap!$AB$9:$AM$1008>='freq chart'!B7,1,0),IF(Bootstrap!$AB$9:$AM$1008<='freq chart'!C7,1,0))} -> 1228
B8: =C7+1 -> 41 | C8: =C7+10 -> 50 | D8: {=SUMPRODUCT(IF(Bootstrap!$AB$9:$AM$1008>='freq chart'!B8,1,0),IF(Bootstrap!$AB$9:$AM$1008<='freq chart'!C8,1,0))} -> 884
B9: =C8+1 -> 51 | C9: =C8+10 -> 60 | D9: {=SUMPRODUCT(IF(Bootstrap!$AB$9:$AM$1008>='freq chart'!B9,1,0),IF(Bootstrap!$AB$9:$AM$1008<='freq chart'!C9,1,0))} -> 700
B10: =C9+1 -> 61 | C10: =C9+10 -> 70 | D10: {=SUMPRODUCT(IF(Bootstrap!$AB$9:$AM$1008>='freq chart'!B10,1,0),IF(Bootstrap!$AB$9:$AM$1008<='freq chart'!C10,1,0))} -> 516
B11: =C10+1 -> 71 | C11: =C10+10 -> 80 | D11: {=SUMPRODUCT(IF(Bootstrap!$AB$9:$AM$1008>='freq chart'!B11,1,0),IF(Bootstrap!$AB$9:$AM$1008<='freq chart'!C11,1,0))} -> 338
B12: =C11+1 -> 81 | C12: =C11+10 -> 90 | D12: {=SUMPRODUCT(IF(Bootstrap!$AB$9:$AM$1008>='freq chart'!B12,1,0),IF(Bootstrap!$AB$9:$AM$1008<='freq chart'!C12,1,0))} -> 258
B13: =C12+1 -> 91 | C13: =C12+10 -> 100 | D13: {=SUMPRODUCT(IF(Bootstrap!$AB$9:$AM$1008>='freq chart'!B13,1,0),IF(Bootstrap!$AB$9:$AM$1008<='freq chart'!C13,1,0))} -> 213
B14: =C13+1 -> 101 | C14: =C13+10 -> 110 | D14: {=SUMPRODUCT(IF(Bootstrap!$AB$9:$AM$1008>='freq chart'!B14,1,0),IF(Bootstrap!$AB$9:$AM$1008<='freq chart'!C14,1,0))} -> 176
B15: =C14+1 -> 111 | C15: =C14+10 -> 120 | D15: {=SUMPRODUCT(IF(Bootstrap!$AB$9:$AM$1008>='freq chart'!B15,1,0),IF(Bootstrap!$AB$9:$AM$1008<='freq chart'!C15,1,0))} -> 110
B16: =C15+1 -> 121 | C16: =C15+10 -> 130 | D16: {=SUMPRODUCT(IF(Bootstrap!$AB$9:$AM$1008>='freq chart'!B16,1,0),IF(Bootstrap!$AB$9:$AM$1008<='freq chart'!C16,1,0))} -> 84
... B24: =C23+1 -> 201 | C24: =C23+10 -> 210 | D24: {=SUMPRODUCT(IF(Bootstrap!$AB$9:$AM$1008>='freq chart'!B24,1,0),IF(Bootstrap!$AB$9:$AM$1008<='freq chart'!C24,1,0))} -> 6
D25: =SUM(D4:D24) -> 12000
